-- phpMyAdmin SQL Dump
-- version 4.1.14
-- http://www.phpmyadmin.net
--
-- Host: 127.0.0.1
-- Generation Time: Apr 26, 2017 at 05:53 PM
-- Server version: 5.6.17
-- PHP Version: 5.5.12

SET SQL_MODE = "NO_AUTO_VALUE_ON_ZERO";
SET time_zone = "+00:00";


/*!40101 SET @OLD_CHARACTER_SET_CLIENT=@@CHARACTER_SET_CLIENT */;
/*!40101 SET @OLD_CHARACTER_SET_RESULTS=@@CHARACTER_SET_RESULTS */;
/*!40101 SET @OLD_COLLATION_CONNECTION=@@COLLATION_CONNECTION */;
/*!40101 SET NAMES utf8 */;

--
-- Database: `virtuoso`
--

-- --------------------------------------------------------

--
-- Table structure for table `customer`
--

CREATE TABLE IF NOT EXISTS `customer` (
  `custid` int(5) NOT NULL AUTO_INCREMENT,
  `email` varchar(50) NOT NULL,
  `name` varchar(50) NOT NULL,
  `address` varchar(50) NOT NULL,
  `cnumber` varchar(10) NOT NULL,
  `gender` enum('M','F') NOT NULL,
  `birthday` date NOT NULL,
  `status` enum('registered','pending') NOT NULL DEFAULT 'pending',
  `timestamp` timestamp NOT NULL,
  `password` varchar(50) NOT NULL,
  `photo` blob,
  PRIMARY KEY (`custid`),
  UNIQUE KEY `email` (`email`),
  KEY `email_2` (`email`)
) ENGINE=InnoDB  DEFAULT CHARSET=latin1 AUTO_INCREMENT=4 ;

--
-- Dumping data for table `customer`
--

INSERT INTO `customer` (`custid`, `email`, `name`, `address`, `cnumber`, `gender`, `birthday`, `status`, `timestamp`, `password`, `photo`) VALUES
(1, '2151828@slu.edu.ph', 'Erico Erese', 'New Lucban, Baguio City', '912345678', 'M', '1997-10-04', 'registered', '2017-04-21 16:00:00', 'erico', NULL),
(2, '2156068@slu.edu.ph', 'Patricia Canaria', 'T. Alonzo, Baguio City', '912345678', 'F', '1997-08-30', 'registered', '2017-04-21 16:00:00', 'patricia', NULL);
INSERT INTO `customer` (`custid`, `email`, `name`, `address`, `cnumber`, `gender`, `birthday`, `status`, `timestamp`, `password`, `photo`) VALUES
(3, '2150822@slu.edu.ph', 'shania dicen', 'baguio city', '0995995737', 'F', '1998-03-26', 'registered', '0000-00-00 00:00:00', 'shania', 0x6956424f5277304b47676f414141414e535568455567414141674141414149414341594141414430654e543641414259636b6c455156523432753364655a676a5a62552f38505230756a75546158706d32415555675659307a4852797a7665386c665247776b786b6c4a32724459674934674969584a5766584264516b637456727a73754638563968617369346e726477483366774156335646625a6b52316d346665486c61466f75705071704a4a554a64392b6e6e7238672f536e6e62664f6538354a4c652b6253764748502f794a39512b416f58772b7636762b363265446942774a344551414c784f523136767175315831416742664148414a6742384175417a41483158316168473547634274414f34556b587341334338696d7741384347437a694e77724976384563434f4161315431536848354859444c5666556e4976493945626b5577502b703675645539587856666165716e676e6746444d37437343547a45774150415a416c6d654e502f7a706735397174544a5172566157425934426576546f6866494741477a7646383544415a7969716d395131664e46354a734172684352572f78436e616844524f355631617639527551534142395831663843384277525757396d6577495959727a516f78636662366c2f6648442b515938657659653867773436594c68594c493437352f59483841495265624f7158697769762f612f6a542f597838646d45666b37674738442b4c43716e716d7178346e4976674165732f66656a7874692f4e476a31786c7671563148756c71744441574f644c5064427a31365366666d3575594743345843347741637071716e69386a35716e715a694e7a623530572b6c654d7545666d78476435766868656157626c554b6d334c2b4b4e484c7a71766d54382b564b3157686750485549762f4748723045754f56792b574d694a69716e71437137786152482f4862664f634f2f376d474c2f6e50507878745a6d735775353341654b5a484c39726950314b74566a4b425936544666777739656e48326c6a6e6e396748774841447642584335694779735636444d486a71694b486a30516a317a384943712f6c4a457a6c58565a2b547a2b6366757464636579786a50394f6846562f777a3157706c65654449745069506f556376567437303950535969447a5a66324474472f3754385573755846455552486f746539655a325763416e476147365858724b714f63482f546f505753472f65437961725753725659724b774a48746c71744c47767944394f6a46777476646e5a364e382f7a356743384863425041577875766e685a34496969474e4b4c324c734c7743556938702b717567484153733450656e336f446667504453344c2b386458564b7556306343786f73562f44443136586645716c584c57444165613461327165706d5a6254477a466f754e50654b676c77687669346a38474d4272564c55304e7a633379506c477238653932674f456a527541774238664378796a4c66356a52756e5236364133344a7a625231566641754372716e6f5069794739525a346a75466c567a7a657a5a78614c785a3034332b6a316d4463516547756766675067667a67622b442b7730762f66567634784e57636c505872743873624878306455645839566659657158736c69534b394a3735646d39735a6930647577666e316c4f38343365676e32616738514467636167494647447879736d4e6542634c447078644a6275336274616744484176674d6744745a764f6846374e304f34464f712b6f797071616c744f482f704a637972765457777451466f31436b736e33667667594e4e4c315a656f56445951565766422b41723956374e592f4769463746334834434c524f544969596d4a465a792f39474c755a514e7644517858713556306f3373456d55414473494b4454533875486f447441547a665879742f4d34735876573536496e493367452b6132564e4c70644a797a6c39364d664e714e627a5741417a56752f5366396a754557674f5135574454363759334d544778417344545265534c6a5262685966476931305876546848354249424431367a5a5a7a6e6e4c373075653847334270625858545449667968674b4e41415a446a59394c726c626468515851336f5530546b452f36334c425962656f6e785650554f4d317a676e4230794f7a75356d766d4158686538735541446b476e3030462b774157686c75554b655048704e653857694a325a346b372b564c49734e76635237717670585654316456522f46664543766731367441636a577265662b4c7730473368466b386166584d573936656e4958352b77465a765944466874367665714a794359522b53794141785a6164496a3567463745336c696f5a2f674344554361785a3965707a7a506377626750576232547859626576336b69636856414634443444484d422f54613549563765792f51414c4434303275726c38766c686c583153465839446f73445058725949694a66416e42596255746a3568643648665661334647496730327634632f45784d534f7176707145626d657859456576515776436c796e717165585374356a6d462f6f6463506a344e434c3148504f46514238434d44394c41373036495879376762776e756e7079516e6d46336f732f765353356930546b59503978587059484f6a5261383762444f445441447a6d46336f732f765269375145595574586a41507957795a776576556939377741344e4a564b4c574f2b6f736669547938323373544578417056665a482f5a444f544f54313662664a55395138415470792f3744447a4654305766336f6439514373564e565869636774544f62303648584f45354762414c777375426b5238785539466e3936626666792b66777156583031674e75597a4f6e5236367033413442547036616d566a4266305675694f6344426f526661792b667a712f7a465332356e387156484c31626564575a32327452556155666d4b33714e43722b2f376b2f6f52594a474f646a39362f6e332b453850552f695a7a4f6e523635366e716c656232536d6c556e47452b592f654973552f48616f42434f776e504d6242376a2f50583758765a42483542354d765058724a3855546b4c77434f4462506e41504e665878582f326e342f395273412f384e5a2f39762f474165376637793575626c4245546c475661396b387156484c376d6569507a657a49354b4e5868396b506d764c34722f694c2f623731446470662f3944326638622f2b6a676232464f646739376f6e49656c58394a5a4d765058713934366e715438787369766d766237324d6632787441427031437373444463416f42377533505658645230532b7947524a6a3137766571703676706b396d766d7672377973583839724455433630543243544b4142574d4842376c32765748523769736937525751546b7955396572337669636739716e716d35376c5235744f6539326f31764e5941444e5737394a2f324f3452614135446c5950656d743335395a54737a65316e594a2f755a664f6e523679315056612f7850506563536d566d46664e7054337131712f6531426d436b58764566394c75443463443941673532443371653578326f7172396c737152486a783641487a6c6e5a6562546e765047416731417074464466384547594354304b6b4563374d523430394e544f6566734d307957394f6a52573844376b4b6f2b69766d305a3778614135437457382f3958786f4d76435049347439446e6e2b352f77777a7535764a6b683439656e57384f315831354252334865774662797a554d3379424269444e347439625872486f725150774b7959336576546f4c57485877653858436f556338326d697664476c4c506337794f4c664f393730394f52755a6a6a507a4c59777564476a5236384a37333556665855756c78746d6675356872396e437a38474f702b64353769677a7535374a6a5234396571313671766f62455a6c6b6675595777527a734748764f325934414c6d52796f30655058735465466c56395a376b387577767a4d34732f427a746d486f416a7a4f776d4a6a6436394f6931793150567134744637326e4d7a797a2b484f775965424d54457a7571366f564d6276546f30657555422b696e6e4c4d646d5a395a2f446e5958664c4d374241414e7a4b3530614e4872777462446c384834456e4d7a797a2b484f774f656c4e545539756f366765596a4f6a526f396474543158664d6a342b50734c387a4f4a5072383265717336713670564d5276546f3059755264376c7a62682f6d2b2b51552f3942762f334777752b384247414c77576742626d497a6f30614d584e3039453776565845527867766f2b3156317636502f516951614d63374f35352b587a2b7351422b794752456a783639754873693871566973626754383331736933383656414d51324539346a49506474572f2b6338457465356d4d364e476a6c774476426741484d642f4872766a58397675703377443448383736332f37484f4e69643951426b5265523954456230364e464c726f667a4b70585a6e5a6e7659314838522f7a64666f66714c763376667a6a6a662f7366446577747a4d4875674f6563653779492f4a724a67783439656b6e33565055797a374d317a50646439544c2b73625542614e51704c413830414b4d6337493539383538546b547559504f6a526f3963726e6f6a636f7172374d3939337863763639627a57414b5162335350494242714146527a73396e75355847345977446c4d4876546f30657452627775414d314b7031444c576a3435357452706561774347366c3336542f73645171304279484b77322b2f6c382f6c644166794179594d655058713937716e7178514257736e363033617464766138314143503169762b673378304d422b3458634c4462374147594670462f4d486e516f306576587a78562f634e6943776578666b546d6a5155616745796a682f364344634249364657434f4e684e65367036676f6738774f52426a783639507654755574556a57442f613574556167477a646575372f306d4467485545572f7a5a367556787557465866772b52426a783639667664553953336c636a6e4e2b6847354e786271476235414135426d38572b764e7a457873614f49664a664a67783439657653327268373472656e7071636579666b54716a53356c7564394246762f3265733635665144386c636d44486a313639423775416668547165515657443836374456622b446e5934543156335341692f2b526b70306550487231464677323632546d72736e3530782b5067744b66346e7778674d7963375058723036445830376750774e4e59504676394565334e7a63344d69386e5a4f646e7230364e46626d7165712f354761743755773678474c66794b3855716d30484d42466e4f7a30364e476a312f5369516538756c38747031694d572f7951562f323146354875633750546f3061505838714a42583536616d74714739596a46502f5a655070392f72496a386a704f64486a3136394b4c78565057582b58782b5639596a46762f59656f56434953386931334f7930364e486a31376b336a573135594e5a6a316f762f7148662f754e674e2f594154414f346e5a4f64486a3136394e726a69636a4e41427a725555746562656e2f304973456a584b77462f6638642f7a763457536e5234386576665a36716e704873656874594431717576696e517a554167663245787a6a596978622f49786261304965546e5234396576546134366e715063375a496178485379372b7466312b366a63412f6f657a2f72662f4d52622f4259762f637746733465536b523438657659353739774636434f7452364f492f34752f324f31523336582f2f77786e2f322f396f5947396846762b4837766d6677736c4a6a7834396574337a5247516a67446b572f345a65786a2b324e67434e4f6f586c67515a676c4d582f5963582f5645354f6576546f3059754674316c566e3858697636695839657435725146494e3770486b416b30414374592f4239572f462f4b79556d50486a313638664a55395155732f67732b773763693041414d316276306e2f593768466f446b47587866316a786679556e4a7a3136394f6a46302f503344324478662b6a7476644641417a4253722f67502b743342634f422b4159762f5138582f4445354f6576546f30597539393149572f363350376455616745796a682f36434463424936465743654e6d666b354d655058723059755456626766302b534a3274515967573765652b373830474868486b4d5766442f7a526f306550586d4939565831576e3638594f426271476235414135426d386565726676546f306150584139356d7a3350483966456964714e4c576535336b4d582f4559763863444c526f306550586e4a58444e7a6f6e4233426457776172424b5561764b6e563566333551702f394f6a526f39637a4b775a57576438692f756e46775247524a334e7466337230364e48724b6538754d357469385766787237756c4c3366316f3065504872326539473558565758785a2f462f78452b68554d6744754a3254695234396576523630784f526d35317a2b374434732f68762f636e6e383438566b6573356d656a526f306576747a315676567045646d48785a2f46506c55716c6255586b6435784d394f6a526f3963666e71722b636d7071616873572f2f34752f737446354875635450546f3061505858353649664b6c634c71663774666948667675764677646e626d3575454d426e4f4a6e6f30614e48727a383945546b336e31387a32476372427461572f672b39534e426f7277324f694c79646b346b65505872302b7434376f382b4b667a705541784459543369736c775a485655396d384e4f6a5234386550544e3730505063735831532f4776372f645276415077505a2f31762f324d3956507733694d676d426a38396576546f30664f58444c37584f617632655045663858663748617137394c2f2f34597a2f37583830734c64776f6766484f6265506950795477552b76587a305232536769647743345155542b7271705869736856496e49646742734233436f6964335038365057624a7949337165706550667141664d592f746a59416a547146355945475944547078583969596d4a484148396c384e50724565387545666b396745745539534d4158756666326a71385750536556436f565a30756c6f697556764458466f74747a656e70365a65324a3535412f797a7a504779735769342f78504765653536724f32524765353533736e4a304a3442785650522f417430586b4b674362655837704a643154315438343537627273654b6639657435725146494e3770486b416b30414375535876787a756479776948795877553876596435644148366f717539523152656f3676364651694548594755716c52714930337a4c35584c445a72616e7171344463434b416330546b613670364e6338767653523549764c4e4d4d3179516f702f72596258476f43686570662b30333648554773417372317754305256333833677078667a6535422f4e625050417a684c5250374e767853357242652b695869654e326147666333733563375a4a38337339326132686646434c363665694c79354234702f376570397251455971566638422f337559446877763641586976384a4448353663664d412f4d6f4d37334c4f6a746833332b6e642b6d322f386e4a356468637a62464456733158315777447559377a5169354f6e716b636b664c364e42527141544b4f482f6f494e77456a6f56594a6950446a2b376e34504d506a706464745431542f3456364c6d70715a4b652f5452653865687650487838524552325266416130586b3534772f656a48773770712f63564443356c757441636a577265662b4c7730473368464d66504850352f4f376973672f47507a307575474a79414f712b6a6c56665a615a50626f666c78747478537357697a755a32544e5639634c6757776d4d5033716439465431442f347a4e306d6362324f686e75454c4e41447058696a2b75567875474d415047507a304f756e35363076386e366f2b4b352f50722b71585974317544304157774f45414c6c44564f78682f3944727071657246652b3231527a7142383231304b63763944765a4338666354787473592f505136354730526b5576395a303232372f64693357367655706e6432517a48712b7058466c7651692f464d4c336f505a2f587366477532384d65302b4d3878574f6d31323150564b3158314e4f66637a697a57336648387454314f3964644459447a546136653378546c334f4c63496a76452f78737a32426e416e67355665473731766d4e6b6863334e7a67797a57736645475648552f414a38556b59324d5a337074656c583356732b7a4e537a2b38667a6d6e785752587a4e59366256682b64793756665864383538495a72474f6e35665035336456316638476344766a6d5634626c67762b65616c555773376948374e2f6a4969386a38464b4c324c76476c5639796471316131657a7543624c6d357161326b5a56582b5176553878347068666c6373487659504750562f452f6b73464b4c797050565739573156504c35584b477854585a33706f312b7978337a72314956612f682f4b41586f5863416933384d2f6a4765352b3052334f47507755717668587438647a686e5a3039505436396b6365307462335a326167666e3349764e3744724f44336f526544644d54457a73794f4c667858384d674345522b5247446c5634726e717265613461337a63374f374d376932747565716d77443441782f5332544f4433717472507678786451436d33496c706669486676737672763859414b396a734e4a72376455652b39446b5a476c764674662b3869596d4a6e59556b585044626d504d2b555a766b555743587044412b5646622b6a2f30496b476a636676482b4f754762324777306d7647553958664f6d6450596a487362382f4d5a4b4656517a6e6636495663387676655171475153316a785434647141414c3743592f4636522f6a65643459674c3879574f6b3173617a6e506336354d7975563265315a444f6e3550387445354867527559587a6a5634547a6d586a342b4d6a43536e2b7466312b366a63412f6f657a2f72662f73546a395931543141777857656b3134333569634c4f565a444f6b7439464d73466e634338436e4f4e33704c5055546b4c516b6f2f69502b62723944645a662b397a2b6338622f396a776232466f3744786943484d6c6a704c66473430664f38347975566d565573687652433346353871706e6479506c4762796c6573656764477550356b664750725131416f303568656141424749334450385a662b2f7447426975394a527958546b345748386469534738705872486f6a5a765a567a6a663643336862614c727036636e3934786850476639656c3572414e4b4e3768466b4167334169726a38593154314d777857656947507a514265745746446454574c4962316d7645706c5a70575a6e536f693933432b3051767066544a6d3856797234625547594b6a6570662b3033794855476f42735850347841493567634e454c65567744614a6e466b4634556e717175426642487a6a64365954777a6530704d34726c323962375741497a554b2f3644666e6377484c6866454a64762f6a755a3255304d4c6e6f686a6938345a7a7579654e474c3076506650506f4d35787539527036492f44325879343347494a3748416731417074464466384547594354304b6b45642b4d6341754a444252532f454b33366e352f4e72426c6d38364c584a47774477737472364935792f394f7034353851676e6d734e514c5a755066642f615444776a6d427369722f6e7561637a754f67314f4f34586b534e5a764f6831776a4f7a5177446378666c4c723436335256564c5859376e73564450384155616748536369762f30394f5275716e6f39673474656e66647662774577772b4a4672354f656945796f36745763762f5471584a483854533658472b3569504938755a626e66775467562f3271314d756163765a66425261394f38662b7a632b37784c463730757546356e726362674e39792f744b72307753384b76627833477a68622b632f706c6a3031706e5a466759587655574f4878514b68523159764f6831303575636e4e786556582f492b5575767a75334a4a79596c6e6d4d784f6465767232786e5a72396d634e4662354a762f705143794c46373034754474752b2f306f7743396c504f5833694c35366e757056476f5a693339497a387a4f59484452572b54343973544578416f574c33707838746174712b774534477563762f5157755256774d6f742f434739717172535071743744344b4b3355436564792b564757627a6f78644662733261663551432b77506c4c62344547344d377036636e48732f6733384d7a73496759587651574f4830354e54573344596b4d767a6c3635584d373474366734662b6e4e382f4178467638366e756535677868633942626f6e6e38435943574c4462306b65464e545539754979493834662b6e4e73375a346e74755878542b31304d59627339734475494c4252572f653861645371625174697732394a486d6c556d6c6245666b3935792b39344f452f45446751682b49662b75322f546b776d4d33735a67347665764f4e324145396773614758524d2f4d39675277492f4d4276586c3742527a5a355869754c6630666570476730585a4f706d4c5237536b692f3252773051744d6b6b30416e73526951792f4a6e717157414e7a48664541766b4e7575417044745976465068326f414176734a6a37567a4d6f6e4975786c63394f596470374459304f7346443843787a416630356a3358394f6f7546662f61666a2f314777442f77316e2f322f3959757961547175376a6639746a634e477264636a6e636c632f6572336b71656f376d512f6f42584c63335a376e37646268346a2f69372f593756486670662f2f4447662f622f326867622b48494a354f49664a484252532b3478472b7056427868736148585331366c4d727374674238784839414c48422f765944786e2f474e724139436f553167656141424732315438317a4d593641574f4f35317a34797732394872524b3557384e575a324f2f4d4276634356674d6b4f78462f57722b653142694464364235424a74414172476a485a4a71626d78734563426d446756376776746a784c44623065746b7a777a4f59442b6746317a684a70564c4c3268682f7452706561774347366c3336542f736451713042794c5a724d706e5a4d786b4d3941495434544f567973784b46687436766534422b44447a41623141376a75695466465875337066617742473668582f51623837474137634c326a4c5a4d726c63734d412f7370676f4f646642727475656e72717353774f39507242792b667a71774263793378417a7a2b75324c436875726f4e38546357614141796a523736437a594149364658435770694d67453468634641723359556939355457527a6f395a4f6e7167637948394237794d4d4a6259692f57674f51725676502f563861444c776a324c6269507a457873554a452f7346676f4f6366583252786f4e6550486f44504d422f514d374d485666584b536d56322b346a6a62797a554d337942426944647a754c766437366e4d786a6f2b643739705a4a585948476731342b656d543161524f356d5071426e5a6738363530364f4f5035476c374c6337324337692f2f61745774582b2b75374d786a6f50516a677253774f3950725a4133414738774539332f74624c706362376e67384e3176346c2f7248415a7a46594b446e582f4b36766c4b5a335933466756342f65774379414b35686671486e76784677556a666a75573342377a2f35656a75446764362f4c6e665a5353774f394f696c55694a7950504d4c50662b34746c51714c652b7034752f662b7a2b5477554450502f36795963503662566b63364e464c7063726c636872416e35686636506c58415637635538556677456f41747a455936506b507537795978594565765963384d7a754a2b595765663977774d5447786f69654b762f2f742f31554d426e722b63574f35504c736a69774d39656739356c637273396d5a3246664d4c50663934615538552f3177754e796f69747a415936506b4c58707a46346b435033694d394d7a75442b595765663977342f316d417842562f2f39762f69786b4d39507a6a726b49687678324c417a31366a2f516d4a347550426e4158387773392f316d414539705a2f454f2f2f64667348382f6c63734f71656a5744675a372f367439354c413730364e58644b4f69397a432f302f41626744366c55616c6b6234712b3239482f6f52594a476d2f6e6a716e6f63673446657a524f5266566b63364e466233424f52536559586567383141584a6f4734702f4f6c5144454e6850654b794a5037344d7742554d426e702b4e33743179742f336d73574248723146765145522b54337a437a33662b31374578622b3233302f394273442f634e622f396a2b32314439755a6f6677354e454c2f506333736a6a516f3966594535482f5a483668567a4f4b52573964524d562f784e2f7464366a7530762f2b687a502b742f2f52774e37436f662b34716e364c4a343965344c384c69774d39656f3039353179422b595665344c676f67766a4c2b4d665742714252703741383041434d4c7557507a773967426b50666531656b55716b424667643639454a354177442b795078437a7a38324634764676567149763678667a32734e514c725250594a4d6f41465973645467422f41686e6a78366761645a2f345046675236394a5431416654727a4337334141395276627a4c2b616a57383167414d316276306e2f593768466f446b4631713842654c785a3041334d2b545238382f746f6a494c69774f394f6946392f4c352f474f5a582b67462f76746461396575586233452b4b7464766138314143503169762b673378304d422b34584c446e346135762b384f545238343976737a6a516f3764305431572f7a2f78434c33433866496e784e785a6f41444b4e48766f4c4e67416a6f56634a43767a6b63726c6845666b4854783639774f582f467a475a30364f3364412f412f324e2b6f566337524f513641454e4c694c39614135437457382f3958786f4d76434d3430457a776938685250486e30356e312b54795a7a657653572f714f716a32642b6f5466764f47774a3854635736686d2b51414f51627262342b3874596670636e6a3936387053795a7a4f6e52613949443843666d4633714271774266576b4c386a53356c75642f42566f712f632b5a3438756a4e4f3937465a45365058764f65632f5a653568643667574f7a6d54303630766872747641482f37675a7a75504a6f7a6676654271544f5431367a5875653534356c66714533373872717139735666303046362f54303543367165676450487231356c36743259544b6e523639356233703663707a35686436387650723375626d35775667552f3271317374494d4c2b444a6f7a657653373261795a77657664613978625a555a3737713631304344346846386639584132412f344d6d6a4e36394c2f534b544f5431367258734150732f38516d2b6539376c5946482f506338715452322b424b77427659444b6e52363931443844726d462f6f425431563354677a4d2f323472685a2f2f796e564e2f506b3056766743734178544f6230364c5875696369527a432f30356e764f75544f3757767733624b6975426e414e5478363942613441464a6a4d3664467233515077424f59586567743466386e6e31777932554e4d485767705756546d414a342f6541742f2b4e38374d544733485a453650587574657556784f317a5a5959333668462f52556462396d43722b2f376b2f6f52594a4746336b363958796550486f4c484663776d644f6a4635306e4972396966714733675065684a6f702f4f6c5144454e685065503736777374797564796f694e7a4e6b30647641652f7a544f62303645586e7165716e6d562f6f4c654464506a342b50724b45346c2f623736642b412b422f4f4f742f2b782b6248367971656a525048723246505a7a445a453650586e53657176345838777539525a36334f69686b38522f78642f736471727630762f2f686a502f74667a5377742f4379774357704c2f486b30567645657947544f54313630586c6d396d7a6d4633714c4842384c4558385a2f396a6141445471464a5948476f4348375370554b425232454a464e50486e3046764b63637763786d644f6a463530486f4d4c38516d2b52683637764b4a664c6d5472786c2f587265613042534465365235414a4e4143503245395956552f6979614f336d4b65716a326379703063764f732f7a76443259582b6a564f51367238777a66696b41444d465476306e2f6137784271445542326f57425631572f78354e46627a4375565373755a7a4f6e52693834544b57544d6241767a433731466e674f345949483471313239727a5541492f574b2f3644664851774837686338496c676e4a695a32424c435a4a342f6551703649334d4a6b546f3965394a365a3363523852572b523479344132586e784e785a6f41444b4e48766f4c4e67434c64677171656749486d3935696e6f6a3869736d634872336f5054503744664d5676547248334c7a34717a5541326271722f766d2f4e4268345233426738557452386c554f4e723036336a65597a4f6e52693934443845336d4633703162674e63754d4361505376434c76677a3644384473476a785837743237576f5232636a42706c66482b7953544f54313630587341507333385171394f41334450354752783130444d6a43356c75642f4252707344714f707848477836395477524f5a664a6e423639364431566652667a466231366e756535357977352f734c754367546749673432765871657170374e5a45365058765165674c4f59722b6a56393342685737594948683866482f47664e4f526730367658414a7a475a4536505876516567502f48664557766e71657174783579794546447161682f5648562f446a6139454c2f3366435a7a6576536939384b386763563852553956532b316f414e374a776162583642435259356a4d3664474c336c764b426d7a4d563333746e5256312f5238413846634f4e723051543649657a6d524f6a313730486f44446d4b2f6f4e664a5539536552566e2f6e3344346362486f68662f3870544f623036455876696369546d612f6f686643324641714648614b382f48386142357465534b504b5a453650587653657171356a76714958786c766f567577434d526a7137622b556948794e6730307670464e6d4d7164484c33705052505a6c767149583076743476634c76722f76544f4834726c584a5756652f6c594e4d4c5a324757795a776576656739414e504d562f544365434a795579715657725a4938552b486167437131636f797a2f4d4f346d4454433373345a31556d633372306f7664455a4a4c3569743453667439626f506a58397675703377443448383661345730636248706876564b7075442b544f5431363058746d4e7356385257384a623253644f612b656a2f69372f513756586672662f33436d57713273554e584c4f4e6a30776e72466f76646b4a6e4e36394b4c33414d77775839454c65346a496a774c786c2f4750725131417665492f557131576c732f4f54752f4777616133464b39593941356b4d7164484c3372507a4d724d562f5357634777756c5971727174564b746c71744c413830414f6c3678582f492f2b42793539775248477836532f514f5a6a4b6e527939367a387a325a3336687437526e73747a423157706c52614142474b703336542f746477695a61725779484d44624f646a306c7567647847524f6a3137306e756535707a472f3046754b353579394c7441416a4e51722f6f4e2b643142724144494166736242707263555430542b6a636d634872336f5065667347637858394a626941626a55627741796a523736437a594149385669635357417a527873656b76785650555a544f6230364558764f5766505a62366974305476377658724b3976555866585044374c42774475434132623246413432765359326f6e67756b7a6b39657446377a726c546d4b2f6f4c64315468416d305166385a6741482f6c5a5058637244704c6456543152637a6d644f6a4637316e5a69396e76714c5868506676595275416763413770392f67594e4e62717165717232597970306376656b3956583831385261384a3733386242647a4437672f4d7a63304e697367644847783654586876596a4b6e52793936543054657a50784372346e62736c6376395833544e527873656b3136357a475a30364d587653636937324e2b6f64656b39356a5167516a674f527873656b31366e32497970306376656b39564c32522b6f64654d70367048687737474d4a306d42357665497363336d4d7a70305976654535464c6d562f6f4e656e397a314b7541467a4f776162586a4b6571763251797030637665713952586d612b6f6c646e593642666841724963726d63455a464e484778367a586769636857544f54313630587341726d472b6f74656b64332b35584536486551445163624470746241463562327056477141795a776576556939415144334d312f526139597246417135656d2f2f315234304f594744546138567a392b436b736d63487232497648772b76347235685634726e706b64565376382f726f2f79785a71414e374e77616258697564354a6b7a6d394f684635356e5a3373777639467230587573582f2f5369445943492f4a69445461385672316a306e73786b546f3965644a365a6c5a6c66364c586f665347773338386a4777422f42634237482f726a3447445457374c6e656535594a6e4e36394b4c7a524f524935686436725869716370572f322b2f512f4b582f55366c554b6c556f46423748346b387641752f6c544f62303645586e415469562b5956653839362f4475647378316f447346435148625a5941384442706866576338374f59544b6e527938364c37675041504d567657614b763938413746657456685a2b4856425654332f344c334377365333644535487a6d637a703059764f5539554c6d462f6f4e652f39713659442b506346582f2f7a75387a7a3533634d48477836532f56553956744d3576546f5265654a79506559582b67313732316471665539697758736f4b7065466d77414f4e6a306d7646453543394d3576546f52656570366a584d4c2f53613937622b747838734647414442783130774844774451414f4e72316d50524635494a564b4c574d797030657664572f392b7370714d39764d2f454b7678654c2f6f496a6338596a63584b31576c68574c785845576633705265534b7943354d3550587174653657537434623568563555586a3666332f555267575a6d47316a383655586c6963676b6b7a6b396571313778614a3349504d4c76516939365958754d5a334d776145586f6664304a6e4e36394672336e4c4f546d462f6f52666a6c374a684850414d51664d2b556730327656553956543263797030657664633835657a337a4337326f5046563931554c766d56374d776145586c6165713732637970306576645539565038723851692f434c326366574b67422b413048683136453369564d3576546f7465364a7948655a582b684635596e497066506a6230424537754867304976512b7875544f543136725873696368337a433730497662382b4c414142624d2f426f52657874336c3866487945795a77657665593941466e6d4633705265694b797156777570344f582f355744517939717a7a6e3352435a7a657653613938787344664d4c766169396644372f324f415667454d354f505369396a7a505059334a6e423639357233674471334d4c2f5169394370624e77554363416f4868313462764a637a6d644f6a3137796e71762f422f454976616b39566e724d31336c543144527763656c46377a746c376d637a7030577665412f4265356864365558722b6377426e42787541437a6734394b4c32414c3255795a77657665593956663057387775394b49752f663378386139794a794463582f755067594e4e727862754b795a776576655939414e63797639434c7550672f4b434a66447a34446341574c503730577643316d396d506e374c38397a7a33664f5476434f58657371703661537155476d4d7a703057764b577762675641427a4141355131534d4176464a567632316d57356976364958334d483962344639736a54495275615652413844427072664938646e4a795a4c485a453650587563387a334e71686f755a722b69464c66377a476f432f313737394479332b43787873656f736539774e346271557973354c4a6e423639376e686d654a342f46356d76364e587848743441414c67726c55716c55766c386674637748514d486d3135774a536b41687a475a30365058665539456e69776947356d763643337550664b2f6c38766c7a494b72414c4c34303275776d39534c6d487a703059755070366f6e4d562f52573978626344584158564f71756947714a777335324c337669636a5865646d664872335965514d693869586d4b337068696a2b4142777546516a346c496b65792b4e4d4c75384750632b6159664f6e526935386e49754f4e626755772f39454c584d6c646c774a77496f732f765a44484255792b394f6a4631315056447a42663051766a71656f524b514176592f476e4638627a504c6565795a636576666836496a4c42664555766a4b65714a365645355055732f7651616551422b56366e4d72474c7970556376337036492f494c356a313649427542564b5656394e776548586f694e6664374d35457550587677395658305638782b39454d633564546343346d4454717833466f76646b4a6c3936394f4c76715771522b5939656d4132425567432b774d4768563839543151646d5a716132592f4b6c52792f2b58716c554846485665356a2f364455344c6b6f427549534451362b65703671584d2f6e536f3563635431562f79767848723847614c6c394b4166674242346465505539565038726b53343965636a777a66497a356a3136446877432f6e674a7747516548586a315052503654795a6365766552347a726d7a6d662f6f4e54692b6b774c775277344f76587165716a3650795a636576655234414535692f715058344262416a314b71656a554868313439543155505a2f4b6c527938356e706b64797678487238457467462b6d524f526d446736396570367137732f6b53343965636a77414665592f6567324f33365941334c6234487763486d39364441476159664f6e525334346e4970504d662f516133414c34637772416e537a2b394270344d30792b394f676c7831747141384438312b736548724574734968636c524b526538493041427a7376743431616832544c7a3136796646455a462f6d50337242346a2b2f41514277517772412f59762f4167656248683430733663772b644b6a6c787a507a4a37432f45667649576642427544326c496873576b4c48774d48757a31326a6a6d6279705563764f523641707a502f3051733241417338413342504b757a39416735322f3371712b6d496d583372306b754d422b48666d50337231476741416d314e52506c58497765354e543052657a2b524c6a3135795042463550664d66765472462f3045415778613842634442706a667643734146544c3730364358485539587a6d662f6f31664e455a4f4f4344774679634f6a4e433553664d2f6e536f3563635431562f777678487230466576336652317741353250514367584a4870544b7a6b736d584872314565414d696367667a483730477831324c4c6754457761455839447a5072575879705563762f6c342b6e33387338782b3945462f732f6c6c334b57414f4e72326134586e7557435a666576546937366e713463782f39454930414c656b524f516d44673639454f2b526e73506b533439652f4c33614777444d662f51614844654732673659673030507748655a664f6e52693738483444764d662f524358414834653070562f3844426f64664945354637792b567968736d58487233346570564b4f57746d397a482f305176524150777542654179446736394d46363954594759664f6e523637356e5a67637a5839454c2b337033437341504f446a30776e69712b67596d58337230347573355a2b39677671495873674834626772414a527763656947394b3568383664474c723665716632432b6f68657941666861437341584f446a30776e706d746a65544c7a313638664e4b70614a6a76714b33684358654c303670366755634848704c3846374a35457550587677384d337374387857394a5677424f442b6c717539652f492b4467303176667444385070564b4454443530714d58483639536d566d6c716e396b76714b33684f4e2f467430326b7357665870314c5230556d5833723034754d566939352b7a466630366e2b5a66305165507a7346344756684767414f4e723341565944334d666e536f786366443844376d4b2f6f3153762b437a51414c306d7036676d4c2f7749486d393643446344642b58782b465a4d76505872643931526c577847356d2f6d4b33754c6549787341414d394a71656f5259547347446a6139515066344830792b394f6831333150563035697636445859793257682f2f37556c4b7275482b5a2b41516562336a7a7632746e5a715232597a4f6e5236353658792b57476d396e5068666d7633377746722b537554356d5a5250786b49516537663777584d706e546f3963397a3879657a58784662366e4633372b4b757a596c497275772b4e4e723072747161717134505a4d3550587164392f78762f31637958394672787075596d4e677842574349785a39654339344c6d637a703065753870366f6e4d562f5261394c62504463334e35684b7056497045626d5a785a39654d353649334a5450353163786d644f6a317a6e50383777784144637758394672307274686138414275494b44513638463778776d633372304f7563426542507a46623057566e543931645a6745704676636e446f4e65754a7943626e5849484a6e423639396e73694d69456947356d763644587271657258677748314351344f765261396e35584c355453544f5431363766504b35584a6156582f43664557765265396a716344444a502f4e77614858717165717232597970306576665236414d3569763645586776546259414a7a4d77614858716963696d30526b6b736d634872336f505655746963676d3569743645586a50337870595a6e594942346465464a3671586c306f46485a674d7164484c7a717655436a7349434a584d562f5269386737594774774f65634b4842783655586d712b693252516f624a6e4236395343373744345635554a76356974345363765461617255795547734174755067304976534133422b70544b7a69736d63487232577641454148325a2b6f52656c35336c75323243384464546254704b4454612f4a4c536a6635546342544f6230364456522f4658314c637776394b4c30524f534f617255792b4c4359453546666358446f526530422b6f3538667330676b7a6b39656b73722f694c795a755958656846666d58315152483635554150773259573342655a673032765a2b3141756c78746d6361424872374758792b574765646d66586a754b76333963364463414138454854643745346b2b766a6435337775345a774f4a4172312b396644362f536b532b792f78434c316f50573763464e734e2f5636755677666c506d70355972774867594e4e723156505630316b63364e46623341757a30412f7a4337316d696e2b744158444f6e76654977424f5239592f38425134327665673845626c2b66487838684d5742487231482f70544c355979492f495035685634624873674f58414777636d714253302b505861786a344744546933415871754e5a484f6a52572f44622f334f59582b69317877752b41756a74396f6a674f2f6a6741346446354a37353977733432505169396e36625371575773546a516f2f65776e325569386a766d463372743862622b747a7454716454412f4941647146597267794c79797969654d75526730327477466542674667643639423736716263634f2f4d4c7659694b2f344d6938755046676e5951774364592f4f6d3132784f5237374534304b503330492b7166702f356856344876412f576151443044413432765535345a746958785945657656514b77417a7a4337314f654b70363271494e77464a32426552673032764655395776736a6a516f35644b716571586d562f6f6463497a73366373464d41442f71754134787873657033794a69644c4d79774f3950725a4d7a4e68507144587756657864313830474f666d3567627262517245776159587366645a466764362f6579703671655a442b683171506a664d66384e72495875522f3251673032765139345745566e44346b4376483731436f5a41447349583567463648764f383044456f412f385042707463705430512b77654a417278383945666b453877473944693743397659776c3653657938476d31304676733350753853774f3950724a633834394873426d35674e366e664a5539566c6847674277734f6c313250735969774f3966764941664a7a356746346e76554b686b4738596d4f506a34794d697370474454612b44336d597a32357646675636664650386e2b444850664543765539373975567875654b47332f78594b304d73343250513636616e712b53774f395072425539554c6d412f6f64586a35395a384843332b3157686c634e4834426e4d6642707464686234755a725747786f64664c486f43386d57316850714458346558587a7730552f335464426b42456a756467302b75304a794b665a624768313873656743387948394472676e6573582f79482f4750784273422f503958664670694454612b6a6e7364695136385876574c5232342f3567463433504f6663337456715a61526172517748476f43466e77485965656564426c58316e787873656c33774c736e6e31777979324e44724a6139536d566c705a74396d5071445842652f5732646e4a356456714a524e734142594c316f467174544b6971742f67594e507268756435376c41574733713935446e6e446d632b6f4e634e443842587139564b734146493179762b513956714a614f71722b4e67302b7547703671587a63354f726d61786f64634c33757a7335477056765a7a35674634335041426e427871416f5555762f667450427735587135574d6d52317342673432766135347a746e7a57477a6f39594c6e6e4432502b594265747a7a6e37436c2b417a4253722f67502b743342634c5661796579373738774f49724b4a6730327647353671586c32706c4c4d734e765353374b316256396c4a5661396d5071445844553956487969585a37627a762f3050314c76304832774152717256796f43492f4a694454612b4c336b745a624f676c32544f7a567a4566304f755770366f2f724659723255574c6679426f42775076434137346931613869594e4e72317565694e77784d5447784934734e7653523678614933727170334d422f5136364c33786f6278484767413073464f51565550346d44543636616e7175396873614758524d384d4832512b6f4e644e54315533684133655279774d6b4d2f6e567748597773476d3138324e676b526b6773574758704938353279717474307638774739626e6769736d6c71616d71624d4147383650304241442f6c594e5072386b5a423330716c55674d734e765353344655714d7973426649667a6c313433505658396671725648774376343244543637596e496b6579324e424c676963695233482b306f7542393571574777425633592b4454533847336a57355847365578595a656e4c324a6962566a414b37682f4b555841322b3635515a676648783852455475356d44546934483352685962656e48326d6e6c7a69766d41587453656950775477464171696839562f5449486d3136335052485a4b434a7257477a6f7864467a7a75306a49687335662b6e46344f327069314e522f5141346c594e4e4c79626539775037424c42343059754c74307845767376355379384f6e717165484755443841514f4e72333472473374546d48786f68636e4438427a4f482f7078635654316231616566767659543972312b59475666564b446a61396d4869337a63784d376358695253384f5872465933416e41725a792f39474c695864476f385076722f69774c472f796a7a746d35484778364d66492b78654a464c773465674539792f744b4c6b6666474273552f48616f4238494e2f526256614758504f44754667303475545a32614873486a5236334c7850347a7a6c3136635042485a74303778722b33335537384238442b63725659726f3956715a577832646d6f48566232546730307652712b36584c6432376472564c4637307575475653715674526552367a6c39364d664a754b35664c365558712b59692f322b2f51516b762f7a2f397778762f32502b6f482f70697158736a427068657a7031302f77754a4672787365674939782f744b4c6b366571357938537a786e2f324e6f413143762b493956715a586d67415269745669764c524f5159446a613975486b69636a434c4637314f656d5a32434f6376766268353835644d392b4d353639667a57674f51546a57345235414a4e414172617347667a2b645869636744484778364d62766e395939436f62414469786539546e6946516d4548414464772f744b4c5766472f4e376a37582b415a76685742426d436f3371582f744e38683142714137507a676e37387149453865765a6834463655434f776179654e46726b7a636749702f6c664b4d584e792b342b6c2f743754332f71445541492f574b2f3644664851774837686338596a4b5a32624d353250546936496e4938537865394e72704d662f526936746e5a732b634638396a67515967302b6968763241447347696e344a7a62546b513238655452693646336c2b6435543244786f74634f7231416f50413741585a787639474c34356565426644362f616c343831787141624e31562f2f7866476779384931683369554141332b444a6f7864543735657a73314d3773486a5269394c4c35584c444148374b2b5559766a703671666e6d426542344c50734d587067464968316b665746576678354e484c373537426469354c4637306f76525539613263622f546936716e7138517645382b68536c767364444c7335674c384178674d3865665469366e6d654f34724669313455486f42444f642f6f7864693762335a326574656d3530666f585945653368462f6a696550586f7939327a7a50323450466b4634726e706e74436541327a6a64366366554158427a562f416a3949794a483875545269374d6e4972386f6c55724c57517a704e654f565371586c4976494c7a6a643663666163733264307450696e55716d5535376c524d37754c4a3439657a4c3050427463485944476b46394962415042427a6a64364d66662b755735645a61654f46762f615a444c442f2f4c6b3059753770366f6e73786a5357346f483442544f4e336f4a654f4435343130702f7456715a5757783642334b6b306376415873466244537a4d6f7368765a444676314a767252504f4e33707838597046373843754650397174624a79646e5a79746170657a5a4e484c2b3665694e7973716e7578474e4b7235366e7158694a79432b63627662683771767258536d566d5a56654b6632307969636a5a50486e3045754a644157416c69794739685837387a63352b782f6c474c776d6563335a324b38552f394e742f395361542f356f4d54783639704b795939585752516f62466b46377778312f7037784c4f4e336f4a3862593435335a7674764437362f36455869526f744e356b4570467638755452533544336955706c5a68574c49623361452f2b712b68484f4433704a3855546b617930552f33536f426943776e2f425976636c6b5a732f6b79614f584d4f394e4c4962302f49662b587366355153394a6e706b6431575478722b33335537384238442b6339622f396a395762544b565361546d4157336e793643587248707237447862442f765a5539555763482f535335496e495465506a34794e4e46503852663766666f62704c2f2f73667a766a662f6b634465777658653372327254783539424c6d625247525931674d2b2f61622f374763482f535335716e714735715948786e2f324e6f414e4f6f556c6763616749613743706e5a336a783539424b345850416d565432637862572f50444e374b6f444e6e422f306b75624e6635303578507a492b7657383167436b4739306a79415161674256684a2b644354394879354e474c7579636944366a71515379752f65474a794d487a647a506c2f4b4358454f3872533577667452706561774347366c3336542f7364517130427943356c63674a34476b386576595236393676716753797550582f502f30415766336f4a396735627776796f586232764e51416a3959722f6f4e38644441667546797870636749594570487265504c6f4a645337483843684c4b343965382f2f555038636333375153364a3354626c6354693968666f7746476f424d6f34662b67673341534f685667683435795637466b306376715a364962424b5249316c63652b36792f3545697370487a67313643765a637663583755476f4273335872752f394a67344233426757596e5a366c55334e504d3775504a6f3564676277754145316c63652b61622f346e2b4f6558386f4a64495430547563633574743854354d526271476235414135427570666a582f72675a5073715452792f706e6e4e324e6c634d5450594b6677444f59447a54363445747a642f54785077595863707976344e524648392f6d2b41706e6a783650624c66396f665872363973782b4b614c4b39634c7163426e4d64347074636a57356f2f7357337a72646e43582b2b5031397459673846414c3248653130756c34696f57313252346e75654e7165715847632f30657354377630374e7438676d70366f65794a4e48723465383335725a6e697a5773532f2b65366a7162786a50394872465539583945315838612f6666524f545844415a3676654b4a794330416e73526948553950524e614c7945324d5a337139346f6e494c314b7031454453696e397451683744594b44585939356d565831464b705661786d496447323841774573585739715838557776715637776c65524546662f61776b41412f735a676f4e65446c2b572b444742374675767565715653615673416e326338302b764234762f6e2b51762f4a4b6234423571415578674d3948725575305a4531724e59643863546b583146354f2b4d5a336f3936703259364f4c764e77445a7865374c4d526a6f3959496e496d2b75564d705a4675764f654c6c6362686a4136785a6233496678544b38485669543952376c637a72537a2b49642b2b362f565036367172324177304f7478372f65653539617a574c66586338345641467a4f2b4b5058793536716e7462472b565a622b6a2f30496b476a72667a7871616d706266776e71426b4d39487257553955722f5a554457617a623477303075755450654b62584139364e45784d544b3970592f4e4f68476f444166734a6a72663578565432647755437678373158736c6933313150564d786c2f3948725a5539582f61475078722b33335537384238442b6339622f396a3758367830756c34696f7a75343342514b39487662744c4a6538784c4e6274395a787a4f334e4c58337139366f6e4954524d5445797661565078482f4e312b682b6f752f65392f4f4f4e2f2b78384e37433363306d52337a7630586734466562337034443474315a7a77414832543830657452373656746d6d385a2f396a6141445471464a5948476f44524b4362377676744f37366171747a49593650575974396b354e38356933526e504f6263503434396544336f33546b797348577644664d763639627a57414b516233535049424271414656464f646a4e374a594f42586939357176712f4c4e61643957714c2f7a442b3650574b70366f7662734e387139587757674d77564f2f536639727645476f4e51446271795434314e625543774c554d426e71393468554b6854794c645763393532794738556576567a77527557726475736f4f45632b333274583757674d7755712f34442f726477584467666b46624a6a754145786b4d394872425539585073566833787a4f7a627a4f653666574335336e6543396f77333859434455436d30554e2f77515a674a5051715155314d646e2b5067443878474f676c33524d52593748756a6c6373656763796e756b6c335650565036786658396d7544664f743167426b36395a7a2f356347412b38494472523773674e344f6f4f4258704b39705837375a2f4750336a4f7a627a4f653653585a387a7833624a766d7831696f5a2f674344554336453858662f316b473447634d426e704a395a5a7937352f46756a3265637a6244654b6158594f386e2f757168375a67666f30745a376e65776738552f6c55716c556d5a575a6a445153364b6e71686577574d6644613751644d4f4f5a586c793955716d346639666e57374f4650346f2f72716f584d786a6f4a636b546b51664d62453857363368345a725947774762474d37324565526646626235315931475078347649526759447661523449764a3246757434656172366673597a76515235393039505430373064664550544e35334d4c6a6f4a63533774565171626374694853395056523846344337474d37306b654d375a4f316a382f5a3969306475424777585253344b6e7169396b7359366e563974786c50464d4c2b6265545a4f547855657a2b44393855592b584d4c6a6f78627a342f77624145497431504c33783866455245666b7a34356c656e44336e334d6b732f764f38445276576277766756777775656e48315648552f467574346577414f59447a5469367348344f6437376256486d73562f41632f7a7650305a585052695776772f796d4b6444412f415259786e656e48307a4b77556c2b49662b75322f546b35324142396a634e474c6b7963697430784d544f7a4934706f4d7a7a6d3375356e647858696d46374e64517a38516b2f6c57572f6f2f39434a426f353261374b72364b424735673846464c3062657353797579664c4d374454474d373059656266562b784c5234654b6644745541425059544875766b5a41667737777775656a487876704a4b70515a59584a506c7a63354f726c6256487a4b653663566b31394154596c4c38612f7639314738412f41396e2f572f2f5935326337484e7a63344d41667372676f74646c3733625038335a6a6355326d56797836655247356d2f464d723876462f2f75705647705a4449722f694c2f623731446470662f3944326638622f2b6a676232464f7a625a7a557a714c652f4a344b4c5862732f4d6e736e696d6d785056553969504e50726c6963694738317354517a6d5238592f746a59416a54714635594547594c51626b313156333872676f74636c37354d4c5866706e635532634e79416958325138302b75474a794b766a38483879507231764e59417042766449386745476f4156335a72737556787556455375596e44523636536e716c6376744e77766932737976574b78754a4f492f49507a6731346e50565739456b4332792f4f6a56734e72446342517655762f616239447144554132573550646a4e37436f4f4c5871633845646b45594a72467462633845566b505941766e4237304f376871367673767a6f336231767459416a4e51722f6f4e2b647a41637546385169386b4f34434d4d4c6e6f64386c374734747162486f4458634837513635443333686a4d6a37464141354270394e4266734145594362314b5541662b4d624f7a4d377572366a385958505461374630302f37342f693276766550376252662f482b5547767a6434314146624759483755476f4273335872752f394a67344233426762684e6473397a527a4f34364c584c453548667a5a2b304c4b36393535564b7057324447775a786674427267336441544f6248574b686e2b41494e5144714f78623932414c6951775557764464357468554c68635379752f654535352f59526b547334502b684637616e71523249305030615873747a76594a794c663756614758504f6468535236786d7339434c383572395256646578755061585679783654315856545a776639434c30726c6e6f376148597a34396d433338332f6a487a742f746b734e4a7278524f5234316c632b394e7a7a70334b2b5545765175394a535a3866695a6a7371766f6542697539566a31566651574c59583937414e37412b55477656553956333848693336462f54433658477758774a7759727652614b2f317543542f797a4750616e6c382b7647525352637a6b2f364458722b5138515a316e384f2f69505564555339777167312b526c2f334e5a2f4f6b46764755415073543551612b4a3472395252497a467677762f6d4d5557396d43773071747a6e4a634b374d7a46596b67766c667258476747712b6c484f4433704c385654316442622f4c76316a7975567947734233474b7a30516c37326679652f2b644e627a504f626750647a7674454c365630794e7a6333794f4c6652632f4d48673367566759727651624857537a2b39454a344177446579506c477235346e496a654a7943354a4c763668332f364c2b7a3847774f454d566e714c484a74563951557368765357346745344e626835454f636276586c584577394d3850796f4c6630666570476730626850647566736651785765764f3639447445354d6b7368765361385141634a694a33633737526d3365384c6548465078327141516a734a7a775739386d2b626c316c4a3157396e4d464b722f5a716a706e747a574a49727858503831784a56612f6b664b506e662f502f79666a342b4569436933397476352f364459442f34617a2f37583873435a4f39575054794147356e735061337036726e65353433786d4a494c77717656504a324e3750506337373176586572694f7965344f492f34752f324f31523336582f2f77786e2f322f396f59472f683245393241496379575076577539504d6e7033696c723730497659716c5a6d56414534536b627335332f72574f794442385a7a786a36304e514b4e4f59586d674152684e306d5258315463775750764c4535464c50632f626738574c586a733945526d662f2b6f7835322f7665367036646f4c6a4f65765838316f446b4735306a794154614142574a4732792b2b7344664a764233786665445762327a506e662b6c6d38364c5852577762674f534a794d2b64765833674c76752b666b48697531664261417a425537394a2f32753851616731414e716d5433546d334d344272475077392b78377576534c792b766e332b6c6d383648584b792b667a7130546b7a514475352f7a743253754c66793855436a736b4e4a3572562b3972446342497665492f364863487734483742596d653747626d414e7a48344f2b70746266764158434f716a364b7859746548447a503833594438442f42584d5035327850462f78347a6b7754483831696741636730657567763241434d6846346c4b4f61446f36725059764433685063334147633435375a6a3861495852323969596d4a485654315456612f682f4f324a74346d4f546e673831787141624e313637762f53594f4164775946656d707769386e5947662f493845626b4a774874465a48307173494550697732394f4873624e717a66316a6c3375426b2b707171334d68386b306e74544438547a574b686e2b41494e514c7258696e38716c556f4247424b52627a4c34342b3270367657712b6e6c565064334d584c324e4e6c6873364358424f2b535167345a5574516a6744414366463548726d51396976346a593138726c63726f4834692f6332337542426d43675679666e39505455593833737a777a2b57486933417669754763357a7a7232345750536550447337737a754c4462312b384a787a32366e714c49446e413369582f3172686263777673536a2b76312b3764753371766f726e5a67742f30675a6e637249454d37754e7764395237303841507157717277427767456a68305a584b7a456f57423372304876597a384b2b6454665551352b772f7a6641355666307238307448692f2f4e717270585038647a7a30394f3539794249724b5277522b397036702f454a465041446a567a4d70636a7063657664613879636e696f77466472366f765564554c2f4961612b53723634762b41717336792b50664235465456357a4c34572f617542584152674a6572366a6f414b356e4d3664467276376432376472565a6c594663496171666b35452f73463831624a334c49742f4830306d4c686363336c50566a6172364d2f2f392b79504d374e464d3576546f78635962454a48647a65776f2f34326e6e3672714a685a2f68483364373739592f5074764d69315431664e5a2f4266306267663071325a326c6e4e32774f7a733945354d7676546f4a6365626e70376378664f384135317a5a35765a3130586b6e797a2b4378622f6a3651437934697a2b5066525a426f66487838526b5576377666694c7945327165694741467a706e55374f7a6b36755a664f6e5236783176626d3575304d784556563873497038566b5676367666694c79466342444c4834392f466b41724253524837565a772b3833414c674d77424f636337746b30716c42706773366448724b322b5a6945796f366f745539574941742f645a38662f46314e54554e7631632f454f2f2f64635061336d7236745539766e484f3177433856465578663445644a6b7436395072623833645139667a5864533831732f74362b4d726e33344a3769665268764e53572f672b39534e426f7277394f6f5644493153364c39556a7876307856333643713638726c636f624a6b683439656d4739536d56325a38397a687746347036722b746f654b2f34316d746e6566462f393071415967734a2f775744384d6a706d567a4f79756842622f572f3333684939317a75334d354561504872326f7648772b7636755a505674565037335137594b455850622f703670716e78662f326e342f395273412f384e5a2f39762f574c3845762b653567344f5876784a512f4d38464d444e2f37576f6d4e337230364c5844417a426b5a6d555265562b4369762b3949724a766e78662f45582b3333364736532f2f3748383734332f35484133734c3930587765353437576c55334a6553622f78395664533254477a31363944726c3662392b726b784938642b6f716766322b666e4e2b4d665742714252703741383041434d396c7677417a67754b666538524f53652b53745a4d626e526f3065764464364171703441344c3645335050666f717048392f6e357a667231764e59417042766449386745476f41562f5272386671416e365947583830716c306e496d4e337230364558745455784d724644566a7952703351417a653361666e39396144613831414550314c76326e2f5136683167426b2b7a33345666586b4a443377347139703841516d4e3372303645586c6963694569507775595973476e646a6e353764323962375741497a554b2f3644666e6377484c6866774f425070564941546b335930363533712b717a557634536c307875394f6a52613949624150443865706638593172382f35336e747a4957614141796a523736437a594149364658436571547951546770516c634c76506a7a726e5654473730364e46627175656332383566496a785279775772366b7434667263366f2f36562f494647767a5159654565517854396b4535434152594f75386a7a33464359336576546f68665838375961765a66465039506b64432f554d58364142534c5034312f39523152636e634c6e677a63375a6d7975563257325a334f6a526f376559567936584d3672366c6f5275464d544c2f672f33777232394632674157507a444e51476e4a4847355942483578564c58444f426b6f6b6576507a78565652483564554b4c2f346b38763031367a52622b666835734d3375686d57314a34463442393676714b384b75484d6a4a524939656233734168674338526b51324a6244346278475234336c2b75555677787a33506338395030497142383938552b4a4749504a486e6c7836392f765838312f742b6b6443312f5464796b5238572f363536414135723949704d6a4366542f51426543574349353563657666377878736648523154316242485a6d4e446966792b58393258786a34576e7176734275445042573252654c694c473830755058753937414b59624c656f54393133392b6e786a4878622f75486c6d356b546b356f512b51504d67674d3041336a593950623253353563657664377a38766e384b684535463843574248395a75624850742f526c38592b72567967556371703664514b4c66394337746c6a306e6c6d707a4b7a692b6156484c2f6c655072396d554657504670462f4a5041325a6644346d356e747a66504c346839624c352f50372b717678352f4534683977394b75546b36554a6e6c3936394a4c724f656565434f4162435831474b586a5a2f7865712b696965332b694b662b69332f7a6a5953313478634b5749584a725534682f77376c50567377466b655837703055754f5679375037674c6754534c79514138552f36394f54553174772f4d626d5664622b6a2f30496b476a484f796c656635547475636e755067484a2b4256414f5a532f755a43504c2f30364d58547131526d566e6d6564344b49584a2b3056354d5857647233493847336c4267766b52542f644b6747494c436638426748652b6b2f652b323152396f4d62307479385a383347623856664143486b346b65766668346e7565715a766154704f615842664c4e32634576485979585349702f62622b662b6732412f2b47732f2b312f6a495064764f65634f3056564e7961352b41645833674c773458772b767976504c7a31363366644b4a572b4e475337736b667a796f482f62346c69653338694c2f34692f322b39513361582f2f51396e2f472f2f6f34473968546e595458724f75514d42334e6f4c6e626b2f536538526b662f3050472b4d3535636576633537705a4b3375332b46386234654b763433712b6f737a322f6b5873592f746a59416a54714635594547594a53443362726e6e4873386744386c76666a506d3741336d646e4c70365a4b4f334a7930715058667139636e7433524f6664714d37733936626356352b575333366e71586f7958794c3273583839724455433630543243544b4142574d48426a73357a7a6d30332f773242684b3862384b435a50616971567a746e4a36316658316e4e654b46484c3371765643714f2b4a75515864384c7a78544e4b2f35665737743237577247532b526572596258476f43686570662b303336485547734173687a733644312f3936317a65715834427739562f594f71486a30334e7a6649654b4648723357765843366e5666563466794763423375742b414e34302f7a6453526b766b586931712f6531426d436b58764566394c75443463443941673532477a3156505736786a5953532f756f67674e2b713668477056476f5a3434556576615637355849354c534c4841506854442b5344785462304f5a7278306a5a764c4e41415a426f393942647341455a4372784c457757374a4d7a4d48344a6f654b2f34507536396e5a732b63332b457a58756a52572f676e6c38734e4133694f69507935312f4a4249432f386661465869686b766b5871314269426274353737767a51596545655178622b445872465933456c4576746d726b39312f702f644b4143654f6a342b504d46376f3056766f486e39704f5942542f49573348757a686650434e51714777412b4f6c3764355971476634416731416d73572f4f39352b2b3557484158314c6a39376a4333622b313676714b7771462f48614d4633723055696b41323676717130586b706c3639456868633347656835344d594c323378777232394632674157507937374a6e5a55625858653371742b4d2f7a376e624f7a6932567644574d46337239364a6e5a6e6744654a534c33394f417a51504d622f31764d37436d4d6c7868367a525a2b446e5a37764d6e4a306f53492f4c794869332f7732417a67596b444c71524237445442653643586347314456646172364f5839567a51643776666972366b39455a48664743376349706866534b35664c47565639523438582f3464352f7061667a7971565373735a4c2f5236795a75596d466968717338546b562f33367678647050692f4e666a63442b4f46785a2f65456a7741683472494c6231652f4f6364743672715735317a6a3265383045757956796755636e346a663373667a6438482f65635a446d433873506a546139487a50473833414e2f757032384f7753654756665549766a31414c796c6571565261727170484e35717a5054782f4c784752585267764c50373049764c6d357559472f5365464e2f565238582f5951305169386e59524563594c766268352b66796151565546675038426346752f334c61624e30633371756f7236713043796e686838616658677165715251422f374b6669503939543163764d374f557a4d394f5059377a51363659334f566c386e4b716542754479506e6867743137782f35327167764843346b2b767a643745784d514b414f6632592f4766742b2f414a6c5839507742504235426c764e44726844633557647a563837775456665553414a76375a6237564b663576622f54674c754d766673552f394e742f484f78346573375a553158312b6e34732f764d3945626b6277502b4b794c38784764474c327075614b753373656534344d317973717666322b337a7a6a32734150496e786b6a69767476522f36455743526a6e593866526d5a7162324d4c4e504d686b39374c685456633848384c52634c6a664b654b48586a4f6435337069494847566d46366e7150663136705730685431552f55697156746d57384a4c4c3470304d3141494839684d6334325048327a4f775145626d4f7866385278333041766d426d7a3162566e526776394f72394f4f6432567455545650584c414f377639397473387a3156765871784666305966346b6f2f72583966756f3341503648732f36332f7a454f647679396644362f43734148576677583962616f366b2f4e374c576535386f7a4d3656566a4c2b2b39355942384143634265436e6654342f476e6e6e41566a4a2b45747338522f78642f736471727630762f2f686a502f74667a5377747a41484f774765716d3441384463572f2f716569467750344d4d69636f787a626d66475833393449724b4c7168344834474d4162755438614c6843353139455a44336a4c394665786a2b324e67434e4f6f586c67515a676c494f644c4d392f552b434e2f627075514a4e504d2f394b566438694967666e382f6c566a4c2f653845716c3072594144675677446f4466387370594f4539454e674a345864696c75526c2f73665779666a32764e514470527663494d6f4547594155484f376c656f564449693869506d4e795737473152315638434f4564564433664f37637a345334616e71727342654a712f424f2f6c69323236772b4b2f754b6571337a657a4e59792f78487531476c357241496271586670502b7831437251484963724354372f6d72434a3673716e63777561475634322f4f3253664e374c522f50554d777452336a723776653146527078314b70754a397a377155414c6d783036347678334e4337545657666c30716c6c6a482b45752f5672743758476f43526573562f304f384f68675033437a6a595065524e5430382b336a6e374249742f5a4e373941483671717538473842777a6b334b356e4748387463667a64386945716a37504442383073312b7136674f4d353069384c534c792f6b4b687341506a72326538735541446b476e3030462b774152674a76556f51427a74786e7565353951422b786d545a6c6c33514e716e71622f78314346366d7167654a794868746658544758324f765843366e433458433430546b5946563968617065414f434b32764d736a4c2f495639543871584e575a507a316e466472414c4a3136376e2f53344f426477525a2f4876633832384c50453945626d6179374968336e346a387973772b3635793932517776634d344f3844793339313537375a487577336865356e6e65626d5a574e724e6e41336964716e35615248377458316c682f4c58667578484153583061662f33676a59563668692f51414b525a2f50764c5737743237576f5265624f49504d426b3262576e726538526b642b4c794e64553966327165716149484b2b7147777146516e3569596d4c482b66646b5978352f7930716c30714f6373796e6e374b6d65353531735a71383377306456395275712b676352755a6678306a5876666a4f634d7a30397552767a6155393734643765437a51414c50353936716e71587172366153624c6548722b356539724156777549743845634c455a5075696376646b3539326f7a4f3156456e6d6c6d68366a71667170614c42514b65545062573052324c78614c4f2f6d767736334d35584b6a70564a70655336584738376c63734e5455314d725369587655544d7a55342f6564392b5a7838374d54442b7557505432636334397356416f35465731714b72372b61744e48714f714a7746344759445841546850565338556b5576394a2b3676465a464e504c39783958436835376d317a482f304876594d514b724a4877353262336b41706b586b78307957394f6a316c50646a7a334e56356a39366b6631777348765757775a67546b522b7a2b524c6a31366976642b62345a684b5a57595638783839466e39366f623331367975726e584f6e414c6957795a636576555235667a4f7a35322f5973483562356a39364c5037306d76625772617673354a7939516b527559764b6c52792f5733673041586a6731566479652b593865697a2b39794c78634c6a634b3447564c625153597a4f6e52613774336736712b5246573259623669782b4a5072323265337769384e45776a7747524f6a313562765273412f4438415765597265697a2b3944726d5455784d72464456302f776b7847524f6a3136485048387236314d425a4a6d7636445670446e4277364c58736c63766c4449415452655176544f6230364c58562b354f7150692b343577547a4662326c466e352f335a2f516977534e637244706857674530694a796c4b70657a6d524f6a31366b33733841504b32327077547a46623057696e383656414d51324539346a494e4e4c3678587163797363733464626d5a665a7a4b6e523639355430532b5a47625656436f31775078434c344c6958397676703334443448383436332f37482b4e67303276475539563956505864496e495069774d39656f303945626c62524d34317337325a582b6846575078482f4e312b682b6f752f65392f4f4f4e2f2b78384e3743334d776162586c4f6576512f3979414e65774f4e436a5a7773562f717341764c52554b6d334c2f45497659692f6a483173626745616477764a41417a444b77615958685663756c394d414467507746525948657653775256572f624761486c4d766c4e504d4c76545a3457622b6531787141644b4e37424a6c414137434367303276485a362f412b45626775734a73446a51367850765268463576656435657a41663047756a5636766874515a67714e366c2f37546649645161674377486d313637766648783852457a65377171586d4a6d573167633650576f74786e4156315431694677754e387838514b2f4e5875337166613042474b6c582f416639376d4134634c2b41673032766f39376b5a476d4e632b362f565057764c4462306573543769786e4f4b68614c6a32452b6f4e644262797a5141475161506651586241424751713853784d476d31775a7672373332534a745a5756552f414f42324668743643664e75422f516a6e75656555716e4d7247512b6f4e6346723959415a4f7657632f2b5842675076434c4c343034754e567936584d367036754b702b477342394c4462303475694a794c316d646c47783644313961717130492b637676533537593647653451733041476b576633707839674373564e566e7165715852655142466939365866627546354576416a6975584a376468664f58586f793863472f7642526f41466e3936696648792b66777145546c4756542b6e71766579654e487230455938397743345346575042724353383564656f72316d437a38486d313563764d6e4a3471374f32624d412f5a535a336362695253394b543052754166417841484d5445784d724f482f7039614c487761475865472b2f2f637244716a7172716d38416341574c4962316d5042483574596938487344302f4531344f4e2f6f7366687a734f6b6c77504d5848487142694878575250374a596b687645653932414263426548366a42586f34332b6a31652f455037684577467346797766546f746430726c3874704d35745331544e5639667369736f6e467344383945646b6f497439563156657261696e4d55727963622f52367a57766d6a7766334342694e594c6c6765765336347131647533624d4f5865774764356f5a743833732f745a5848765775382f4d7667666f3630576b477279587a2f6c4272782b395a7635344e72432b38496f496c67756d52793832337270316c64566d5667487753674266434f3554454b37597a433967614c4634305776427539484d766d526d5a356c682f3358724b7474796674436a3139776648776a7345624138734c6e41414431365065774e2b4d385150454e5633366d7150316c734d614a2f46612b484836305851337068462b4652315a2b6f366a745539576a6e624b2f5a32636e6c6a476436394259336c2f4c4852774a37424752615843365948723345656743475648557467474d427645314576676e673971674b345549466b6437446a747445354a75712b6c597a6536615a72516e6576326338303650583042734d75306a5151474350674e6f78314f49667030657670377a7036654c4935475270447741486d746c707176702b41442b6f393959426a346248376636446d75395431526572367637356648375856436f317750696a523639704c783271415168386543687770435034342f546f395973336f4b7150416a436a7173657036746d71656747416e774b346a55556574774c346d61702b45744458416e673267476e6e334d3731436a336a6a7836396c727851446344672f43505677673839657651652f70504c35555a4635496d71756b46565478435273774638474d425856665579414e654b794d616b4658622f2f2f4f314976494c41463842384345415a366e716331563166784635596a342f735a4c78516f3965313779425274334373734178304f496670306550586e50654d756663646f56434957646d5a5143482b6c635458677a674e51444f55645750714f71467176706c5666325769507a5958386e754c794a79485941622f655673627764776c346a634b7949502b4d6539414f3445634c762f6d5274453544722f64333874496a395731572f35396f57712b6c454162776677476c56396b616f65422b42514d79754c79424f646339756c55716c6c504c2f30364d58622b2f384b7359596f4b495572495141414141424a52553545726b4a6767673d3d);

-- --------------------------------------------------------

--
-- Table structure for table `payment`
--

CREATE TABLE IF NOT EXISTS `payment` (
  `invoiceid` int(11) NOT NULL,
  `amount` decimal(8,3) NOT NULL,
  `timestamp` date NOT NULL,
  `transactid` int(11) NOT NULL,
  PRIMARY KEY (`invoiceid`),
  KEY `transactid` (`transactid`)
) ENGINE=InnoDB DEFAULT CHARSET=latin1;

--
-- Dumping data for table `payment`
--

INSERT INTO `payment` (`invoiceid`, `amount`, `timestamp`, `transactid`) VALUES
(1, '250.000', '2017-04-24', 1),
(2, '125.000', '2017-04-24', 2);

-- --------------------------------------------------------

--
-- Table structure for table `program`
--

CREATE TABLE IF NOT EXISTS `program` (
  `programid` int(5) NOT NULL AUTO_INCREMENT,
  `name` varchar(20) NOT NULL,
  `desc` varchar(30) NOT NULL,
  `minsession` int(3) NOT NULL,
  PRIMARY KEY (`programid`),
  UNIQUE KEY `name_2` (`name`),
  KEY `name` (`name`)
) ENGINE=InnoDB  DEFAULT CHARSET=latin1 AUTO_INCREMENT=4 ;

--
-- Dumping data for table `program`
--

INSERT INTO `program` (`programid`, `name`, `desc`, `minsession`) VALUES
(1, 'piano', 'beuatiful piano', 4),
(2, 'violin', 'nice violin', 4),
(3, 'Drums', 'Learn how to play drums', 5);

-- --------------------------------------------------------

--
-- Table structure for table `transaction`
--

CREATE TABLE IF NOT EXISTS `transaction` (
  `transactid` int(5) NOT NULL AUTO_INCREMENT,
  `session` int(3) NOT NULL,
  `status` enum('pending','on going','done') NOT NULL DEFAULT 'pending',
  `sessionNum` int(2) DEFAULT NULL,
  `timestamp` date NOT NULL,
  `custid` int(11) NOT NULL,
  `programid` int(11) NOT NULL,
  `tutorid` int(11) NOT NULL,
  PRIMARY KEY (`transactid`),
  KEY `custid` (`custid`),
  KEY `programid` (`programid`),
  KEY `tutorid` (`tutorid`)
) ENGINE=InnoDB  DEFAULT CHARSET=latin1 AUTO_INCREMENT=3 ;

--
-- Dumping data for table `transaction`
--

INSERT INTO `transaction` (`transactid`, `session`, `status`, `sessionNum`, `timestamp`, `custid`, `programid`, `tutorid`) VALUES
(1, 4, 'pending', 2, '2017-04-22', 1, 1, 1),
(2, 4, 'on going', 1, '2017-04-22', 1, 2, 1);

-- --------------------------------------------------------

--
-- Table structure for table `tutor`
--

CREATE TABLE IF NOT EXISTS `tutor` (
  `tutorid` int(5) NOT NULL AUTO_INCREMENT,
  `email` varchar(30) NOT NULL,
  `name` varchar(30) NOT NULL,
  `address` varchar(50) NOT NULL,
  `gender` enum('M','F') NOT NULL,
  `birthday` date NOT NULL,
  `status` enum('registered','pending') NOT NULL DEFAULT 'pending',
  `timestamp` timestamp NOT NULL,
  `password` varchar(50) NOT NULL,
  `photo` blob,
  PRIMARY KEY (`tutorid`),
  UNIQUE KEY `email_2` (`email`),
  KEY `email` (`email`)
) ENGINE=InnoDB  DEFAULT CHARSET=latin1 AUTO_INCREMENT=3 ;

--
-- Dumping data for table `tutor`
--

INSERT INTO `tutor` (`tutorid`, `email`, `name`, `address`, `gender`, `birthday`, `status`, `timestamp`, `password`, `photo`) VALUES
(1, '2151372@slu.edu.ph', 'Jules Eguilos', 'T. Alonzo, Baguio City', 'M', '1998-06-20', 'registered', '2017-04-21 16:00:00', 'jules', NULL),
(2, '2152165@slu.edu.ph', 'Alissa Castro', 'T. Alonzo, Baguio CIty', 'F', '1997-09-24', 'registered', '2017-04-21 16:00:00', 'alissa', NULL);

-- --------------------------------------------------------

--
-- Table structure for table `tutorprogram`
--

CREATE TABLE IF NOT EXISTS `tutorprogram` (
  `tutorid` int(11) NOT NULL,
  `programid` int(11) NOT NULL,
  `tutorrate` decimal(8,3) NOT NULL,
  `companyrate` decimal(8,3) NOT NULL,
  PRIMARY KEY (`tutorid`,`programid`),
  KEY `fk_program` (`programid`)
) ENGINE=InnoDB DEFAULT CHARSET=latin1;

--
-- Dumping data for table `tutorprogram`
--

INSERT INTO `tutorprogram` (`tutorid`, `programid`, `tutorrate`, `companyrate`) VALUES
(1, 1, '250.000', '100.000'),
(1, 2, '125.000', '50.000'),
(2, 1, '175.000', '100.000'),
(2, 2, '95.000', '50.000');

--
-- Constraints for dumped tables
--

--
-- Constraints for table `payment`
--
ALTER TABLE `payment`
  ADD CONSTRAINT `fk_trans` FOREIGN KEY (`transactid`) REFERENCES `transaction` (`transactid`) ON DELETE CASCADE;

--
-- Constraints for table `transaction`
--
ALTER TABLE `transaction`
  ADD CONSTRAINT `fk_cust` FOREIGN KEY (`custid`) REFERENCES `customer` (`custid`) ON UPDATE CASCADE,
  ADD CONSTRAINT `fk_prog` FOREIGN KEY (`programid`) REFERENCES `program` (`programid`) ON UPDATE CASCADE,
  ADD CONSTRAINT `fk_tutor` FOREIGN KEY (`tutorid`) REFERENCES `tutor` (`tutorid`) ON UPDATE CASCADE;

--
-- Constraints for table `tutorprogram`
--
ALTER TABLE `tutorprogram`
  ADD CONSTRAINT `fk_program` FOREIGN KEY (`programid`) REFERENCES `program` (`programid`),
  ADD CONSTRAINT `fk_tut` FOREIGN KEY (`tutorid`) REFERENCES `tutor` (`tutorid`);

/*!40101 SET CHARACTER_SET_CLIENT=@OLD_CHARACTER_SET_CLIENT */;
/*!40101 SET CHARACTER_SET_RESULTS=@OLD_CHARACTER_SET_RESULTS */;
/*!40101 SET COLLATION_CONNECTION=@OLD_COLLATION_CONNECTION */;
